-6.955040147128557608e-03,2.000000000000000042e-02,4.407567344798866138e-01,-3.945106376645939772e+00
-9.501771837905774454e-02,2.753846153846154499e-01,4.407567344798866138e-01,-3.945106376645939772e+00
-1.792353510589618504e-01,5.307692307692308820e-01,4.407567344798866138e-01,-3.945106376645939772e+00
-2.561999355588876481e-01,7.861538461538463141e-01,4.407567344798866138e-01,-3.945106376645939772e+00
-3.227969755686383446e-01,1.041538461538461746e+00,4.407567344798866138e-01,-3.945106376645939772e+00
-3.763315142229481380e-01,1.296923076923077289e+00,4.407567344798866138e-01,-3.945106376645939772e+00
-4.146371898869133932e-01,1.552307692307692610e+00,4.407567344798866138e-01,-3.945106376645939772e+00
-4.361639014810548276e-01,1.807692307692307931e+00,4.407567344798866138e-01,-3.945106376645939772e+00
-4.400405358269377509e-01,2.063076923076923475e+00,4.407567344798866138e-01,-3.945106376645939772e+00
-4.261102186499243216e-01,2.318461538461539018e+00,4.407567344798866138e-01,-3.945106376645939772e+00
-3.949366627502535199e-01,2.573846153846154561e+00,4.407567344798866138e-01,-3.945106376645939772e+00
-3.477813564534464330e-01,2.829230769230769660e+00,4.407567344798866138e-01,-3.945106376645939772e+00
-2.865525154462615354e-01,3.084615384615385203e+00,4.407567344798866138e-01,-3.945106376645939772e+00
-2.137278637446672902e-01,3.340000000000000746e+00,4.407567344798866138e-01,-3.945106376645939772e+00
-1.322543685867732521e-01,3.595384615384615845e+00,4.407567344798866138e-01,-3.945106376645939772e+00
-4.542898664033533096e-02,3.850769230769231388e+00,4.407567344798866138e-01,-3.945106376645939772e+00
4.323475267769893993e-02,4.106153846153846487e+00,4.407567344798866138e-01,-3.945106376645939772e+00
1.301489278479909528e-01,4.361538461538462030e+00,4.407567344798866138e-01,-3.945106376645939772e+00
2.117964162922728322e-01,4.616923076923077573e+00,4.407567344798866138e-01,-3.945106376645939772e+00
2.848732204232282683e-01,4.872307692307693117e+00,4.407567344798866138e-01,-3.945106376645939772e+00
3.464221692471382008e-01,5.127692307692308660e+00,4.407567344798866138e-01,-3.945106376645939772e+00
3.939525850678370911e-01,5.383076923076923315e+00,4.407567344798866138e-01,-3.945106376645939772e+00
4.255410727853909392e-01,5.638461538461538858e+00,4.407567344798866138e-01,-3.945106376645939772e+00
4.399093531876100416e-01,5.893846153846154401e+00,4.407567344798866138e-01,-3.945106376645939772e+00
4.364759905844646792e-01,6.149230769230769944e+00,4.407567344798866138e-01,-3.945106376645939772e+00
4.153799215430594161e-01,6.404615384615385487e+00,4.407567344798866138e-01,-3.945106376645939772e+00
3.774748325948820149e-01,6.660000000000001030e+00,4.407567344798866138e-01,-3.945106376645939772e+00
3.242946144304859057e-01,6.915384615384616573e+00,4.407567344798866138e-01,-3.945106376645939772e+00
2.579912905334602047e-01,7.170769230769231228e+00,4.407567344798866138e-01,-3.945106376645939772e+00
1.812479320718334008e-01,7.426153846153846771e+00,4.407567344798866138e-01,-3.945106376645939772e+00
9.717008308659308424e-02,7.681538461538462315e+00,4.407567344798866138e-01,-3.945106376645939772e+00
9.160089632555216271e-03,7.936923076923077858e+00,4.407567344798866138e-01,-3.945106376645939772e+00
-7.922058165398264407e-02,8.192307692307693401e+00,4.407567344798866138e-01,-3.945106376645939772e+00
-1.643954640591000771e-01,8.447692307692308944e+00,4.407567344798866138e-01,-3.945106376645939772e+00
-2.429178182975042788e-01,8.703076923076924487e+00,4.407567344798866138e-01,-3.945106376645939772e+00
-3.116101103886958490e-01,8.958461538461540030e+00,4.407567344798866138e-01,-3.945106376645939772e+00
-3.676925957053632232e-01,9.213846153846155573e+00,4.407567344798866138e-01,-3.945106376645939772e+00
-4.088958058326455647e-01,9.469230769230771116e+00,4.407567344798866138e-01,-3.945106376645939772e+00
-4.335523862757001967e-01,9.724615384615386660e+00,4.407567344798866138e-01,-3.945106376645939772e+00
-4.406645686542916551e-01,9.980000000000000426e+00,4.407567344798866138e-01,-3.945106376645939772e+00
-4.594131751384816775e-03,2.000000000000000042e-02,3.095399471771065891e-01,-3.710587660235333818e+00
-6.282054695842535785e-02,2.753846153846154499e-01,3.095399471771065891e-01,-3.710587660235333818e+00
-1.187972021890281726e-01,5.307692307692308820e-01,3.095399471771065891e-01,-3.710587660235333818e+00
-1.705194342454022238e-01,7.861538461538463141e-01,3.095399471771065891e-01,-3.710587660235333818e+00
-2.161349414013389314e-01,1.041538461538461746e+00,3.095399471771065891e-01,-3.710587660235333818e+00
-2.540101189323801245e-01,1.296923076923077289e+00,3.095399471771065891e-01,-3.710587660235333818e+00
-2.827885625626094246e-01,1.552307692307692610e+00,3.095399471771065891e-01,-3.710587660235333818e+00
-3.014396446741822722e-01,1.807692307692307931e+00,3.095399471771065891e-01,-3.710587660235333818e+00
-3.092954236447558736e-01,2.063076923076923475e+00,3.095399471771065891e-01,-3.710587660235333818e+00
-3.060745644976794466e-01,2.318461538461539018e+00,3.095399471771065891e-01,-3.710587660235333818e+00
-2.918924142069873606e-01,2.573846153846154561e+00,3.095399471771065891e-01,-3.710587660235333818e+00
-2.672568708354732814e-01,2.829230769230769660e+00,3.095399471771065891e-01,-3.710587660235333818e+00
-2.330501944422816996e-01,3.084615384615385203e+00,3.095399471771065891e-01,-3.710587660235333818e+00
-1.904974111566387907e-01,3.340000000000000746e+00,3.095399471771065891e-01,-3.710587660235333818e+00
-1.411224419463997515e-01,3.595384615384615845e+00,3.095399471771065891e-01,-3.710587660235333818e+00
-8.669352721928576255e-02,3.850769230769231388e+00,3.095399471771065891e-01,-3.710587660235333818e+00
-2.915990173753236006e-02,4.106153846153846487e+00,3.095399471771065891e-01,-3.710587660235333818e+00
2.941801232530233054e-02,4.361538461538462030e+00,3.095399471771065891e-01,-3.710587660235333818e+00
8.694239422517116567e-02,4.616923076923077573e+00,3.095399471771065891e-01,-3.710587660235333818e+00
1.413531528241649682e-01,4.872307692307693117e+00,3.095399471771065891e-01,-3.710587660235333818e+00
1.907017035761378043e-01,5.127692307692308660e+00,3.095399471771065891e-01,-3.710587660235333818e+00
2.332207521840427011e-01,5.383076923076923315e+00,3.095399471771065891e-01,-3.710587660235333818e+00
2.673875858027086605e-01,5.638461538461538858e+00,3.095399471771065891e-01,-3.710587660235333818e+00
2.919786051717255249e-01,5.893846153846154401e+00,3.095399471771065891e-01,-3.710587660235333818e+00
3.061131447471777123e-01,6.149230769230769944e+00,3.095399471771065891e-01,-3.710587660235333818e+00
3.092850115243581666e-01,6.404615384615385487e+00,3.095399471771065891e-01,-3.710587660235333818e+00
3.013806130678075568e-01,6.660000000000001030e+00,3.095399471771065891e-01,-3.710587660235333818e+00
2.826830255388513846e-01,6.915384615384616573e+00,3.095399471771065891e-01,-3.710587660235333818e+00
2.538618560344549357e-01,7.170769230769231228e+00,3.095399471771065891e-01,-3.710587660235333818e+00
2.159492622922452865e-01,7.426153846153846771e+00,3.095399471771065891e-01,-3.710587660235333818e+00
1.703029885556879841e-01,7.681538461538462315e+00,3.095399471771065891e-01,-3.710587660235333818e+00
1.185577413769879213e-01,7.936923076923077858e+00,3.095399471771065891e-01,-3.710587660235333818e+00
6.256664671110657994e-02,8.192307692307693401e+00,3.095399471771065891e-01,-3.710587660235333818e+00
4.334884867912410997e-03,8.447692307692308944e+00,3.095399471771065891e-01,-3.710587660235333818e+00
-5.405211998016568042e-02,8.703076923076924487e+00,3.095399471771065891e-01,-3.710587660235333818e+00
-1.105033840227164499e-01,8.958461538461540030e+00,3.095399471771065891e-01,-3.710587660235333818e+00
-1.629972471403793588e-01,9.213846153846155573e+00,3.095399471771065891e-01,-3.710587660235333818e+00
-2.096537735801452806e-01,9.469230769230771116e+00,3.095399471771065891e-01,-3.710587660235333818e+00
-2.488020771287306754e-01,9.724615384615386660e+00,3.095399471771065891e-01,-3.710587660235333818e+00
-2.790401597021748836e-01,9.980000000000000426e+00,3.095399471771065891e-01,-3.710587660235333818e+00
-4.783567786146513193e-03,2.000000000000000042e-02,3.337067820005883978e-01,-3.583783640438372053e+00
-6.544142832738006343e-02,2.753846153846154499e-01,3.337067820005883978e-01,-3.583783640438372053e+00
-1.239126714741171364e-01,5.307692307692308820e-01,3.337067820005883978e-01,-3.583783640438372053e+00
-1.782435770736911507e-01,7.861538461538463141e-01,3.337067820005883978e-01,-3.583783640438372053e+00
-2.266187675238827415e-01,1.041538461538461746e+00,3.337067820005883978e-01,-3.583783640438372053e+00
-2.674218656213810941e-01,1.296923076923077289e+00,3.337067820005883978e-01,-3.583783640438372053e+00
-2.992895031401293648e-01,1.552307692307692610e+00,3.337067820005883978e-01,-3.583783640438372053e+00
-3.211568755319839097e-01,1.807692307692307931e+00,3.337067820005883978e-01,-3.583783640438372053e+00
-3.322933206145003981e-01,2.063076923076923475e+00,3.337067820005883978e-01,-3.583783640438372053e+00
-3.323267324426730784e-01,2.318461538461539018e+00,3.337067820005883978e-01,-3.583783640438372053e+00
-3.212559946153699109e-01,2.573846153846154561e+00,3.337067820005883978e-01,-3.583783640438372053e+00
-2.994510175780352723e-01,2.829230769230769660e+00,3.337067820005883978e-01,-3.583783640438372053e+00
-2.676403786752513114e-01,3.084615384615385203e+00,3.337067820005883978e-01,-3.583783640438372053e+00
-2.268869779404174558e-01,3.340000000000000746e+00,3.337067820005883978e-01,-3.583783640438372053e+00
-1.785525230441836197e-01,3.595384615384615845e+00,3.337067820005883978e-01,-3.583783640438372053e+00
-1.242520300785100729e-01,3.850769230769231388e+00,3.337067820005883978e-01,-3.583783640438372053e+00
-6.579986045761479496e-02,4.106153846153846487e+00,3.337067820005883978e-01,-3.583783640438372053e+00
-5.149097023755903543e-03,4.361538461538462030e+00,3.337067820005883978e-01,-3.583783640438372053e+00
5.567371499470538665e-02,4.616923076923077573e+00,3.337067820005883978e-01,-3.583783640438372053e+00
1.146362816497151632e-01,4.872307692307693117e+00,3.337067820005883978e-01,-3.583783640438372053e+00
1.697684660239213994e-01,5.127692307692308660e+00,3.337067820005883978e-01,-3.583783640438372053e+00
2.192281171064057177e-01,5.383076923076923315e+00,3.337067820005883978e-01,-3.583783640438372053e+00
2.613626222304391011e-01,5.638461538461538858e+00,3.337067820005883978e-01,-3.583783640438372053e+00
2.947641264000728234e-01,5.893846153846154401e+00,3.337067820005883978e-01,-3.583783640438372053e+00
3.183165734428424209e-01,6.149230769230769944e+00,3.337067820005883978e-01,-3.583783640438372053e+00
3.312329971860499822e-01,6.404615384615385487e+00,3.337067820005883978e-01,-3.583783640438372053e+00
3.330818166334755803e-01,6.660000000000001030e+00,3.337067820005883978e-01,-3.583783640438372053e+00
3.238012565325560366e-01,6.915384615384616573e+00,3.337067820005883978e-01,-3.583783640438372053e+00
3.037014114925628006e-01,7.170769230769231228e+00,3.337067820005883978e-01,-3.583783640438372053e+00
2.734538846846742977e-01,7.426153846153846771e+00,3.337067820005883978e-01,-3.583783640438372053e+00
2.340693473296923677e-01,7.681538461538462315e+00,3.337067820005883978e-01,-3.583783640438372053e+00
1.868637687861060548e-01,7.936923076923077858e+00,3.337067820005883978e-01,-3.583783640438372053e+00
1.334144456044169813e-01,8.192307692307693401e+00,3.337067820005883978e-01,-3.583783640438372053e+00
7.550729876435179067e-02,8.447692307692308944e+00,3.337067820005883978e-01,-3.583783640438372053e+00
1.507720007085807529e-02,8.703076923076924487e+00,3.337067820005883978e-01,-3.583783640438372053e+00
-4.585667839605887808e-02,8.958461538461540030e+00,3.337067820005883978e-01,-3.583783640438372053e+00
-1.052583315861519153e-01,9.213846153846155573e+00,3.337067820005883978e-01,-3.583783640438372053e+00
-1.611429512296886357e-01,9.469230769230771116e+00,3.337067820005883978e-01,-3.583783640438372053e+00
-2.116432449322234455e-01,9.724615384615386660e+00,3.337067820005883978e-01,-3.583783640438372053e+00
-2.550718286702178261e-01,9.980000000000000426e+00,3.337067820005883978e-01,-3.583783640438372053e+00
-5.613560580737893616e-03,2.000000000000000042e-02,3.892673906499480863e-01,-3.605333570338225435e+00
-7.679011612661040820e-02,2.753846153846154499e-01,3.892673906499480863e-01,-3.605333570338225435e+00
-1.453699939204525504e-01,5.307692307692308820e-01,3.892673906499480863e-01,-3.605333570338225435e+00
-2.090341475551640016e-01,7.861538461538463141e-01,3.892673906499480863e-01,-3.605333570338225435e+00
-2.656297571147996917e-01,1.041538461538461746e+00,3.892673906499480863e-01,-3.605333570338225435e+00
-3.132430273400350074e-01,1.296923076923077289e+00,3.892673906499480863e-01,-3.605333570338225435e+00
-3.502639031126899005e-01,1.552307692307692610e+00,3.892673906499480863e-01,-3.605333570338225435e+00
-3.754405138883699644e-01,1.807692307692307931e+00,3.892673906499480863e-01,-3.605333570338225435e+00
-3.879215060245706503e-01,2.063076923076923475e+00,3.892673906499480863e-01,-3.605333570338225435e+00
-3.872848315255589813e-01,2.318461538461539018e+00,3.892673906499480863e-01,-3.605333570338225435e+00
-3.735520197051355185e-01,2.573846153846154561e+00,3.892673906499480863e-01,-3.605333570338225435e+00
-3.471874491672877761e-01,2.829230769230769660e+00,3.892673906499480863e-01,-3.605333570338225435e+00
-3.090826447228988139e-01,3.084615384615385203e+00,3.892673906499480863e-01,-3.605333570338225435e+00
-2.605261302463571793e-01,3.340000000000000746e+00,3.892673906499480863e-01,-3.605333570338225435e+00
-2.031598569055643178e-01,3.595384615384615845e+00,3.892673906499480863e-01,-3.605333570338225435e+00
-1.389236801560755630e-01,3.850769230769231388e+00,3.892673906499480863e-01,-3.605333570338225435e+00
-6.998976302426122842e-02,4.106153846153846487e+00,3.892673906499480863e-01,-3.605333570338225435e+00
1.310876150469926548e-03,4.361538461538462030e+00,3.892673906499480863e-01,-3.605333570338225435e+00
7.256718770717821010e-02,4.616923076923077573e+00,3.892673906499480863e-01,-3.605333570338225435e+00
1.413696209348583865e-01,4.872307692307693117e+00,3.892673906499480863e-01,-3.605333570338225435e+00
2.053916036565220926e-01,5.127692307692308660e+00,3.892673906499480863e-01,-3.605333570338225435e+00
2.624682158725677450e-01,5.383076923076923315e+00,3.892673906499480863e-01,-3.605333570338225435e+00
3.106693970937226545e-01,5.638461538461538858e+00,3.892673906499480863e-01,-3.605333570338225435e+00
3.483652118385477392e-01,5.893846153846154401e+00,3.892673906499480863e-01,-3.605333570338225435e+00
3.742809663257346542e-01,6.149230769230769944e+00,3.892673906499480863e-01,-3.605333570338225435e+00
3.875403125759027123e-01,6.404615384615385487e+00,3.892673906499480863e-01,-3.605333570338225435e+00
3.876948823464839711e-01,6.660000000000001030e+00,3.892673906499480863e-01,-3.605333570338225435e+00
3.747394488204784380e-01,6.915384615384616573e+00,3.892673906499480863e-01,-3.605333570338225435e+00
3.491121033526304873e-01,7.170769230769231228e+00,3.892673906499480863e-01,-3.605333570338225435e+00
3.116794412963087013e-01,7.426153846153846771e+00,3.892673906499480863e-01,-3.605333570338225435e+00
2.637072578562065783e-01,7.681538461538462315e+00,3.892673906499480863e-01,-3.605333570338225435e+00
2.068177448942280228e-01,7.936923076923077858e+00,3.892673906499480863e-01,-3.605333570338225435e+00
1.429346360897001955e-01,8.192307692307693401e+00,3.892673906499480863e-01,-3.605333570338225435e+00
7.421815538459172745e-02,8.447692307692308944e+00,3.892673906499480863e-01,-3.605333570338225435e+00
2.991968448981573939e-03,8.703076923076924487e+00,3.892673906499480863e-01,-3.605333570338225435e+00
-6.833539267802370143e-02,8.958461538461540030e+00,3.892673906499480863e-01,-3.605333570338225435e+00
-1.373519747257173074e-01,9.213846153846155573e+00,3.892673906499480863e-01,-3.605333570338225435e+00
-2.017239640190562622e-01,9.469230769230771116e+00,3.892673906499480863e-01,-3.605333570338225435e+00
-2.592746049951714093e-01,9.724615384615386660e+00,3.892673906499480863e-01,-3.605333570338225435e+00
-3.080578077589601338e-01,9.980000000000000426e+00,3.892673906499480863e-01,-3.605333570338225435e+00
-2.951927196602485617e-03,2.000000000000000042e-02,3.171208617147656672e-01,-2.327164643452581672e+00
-4.053515318287451152e-02,2.753846153846154499e-01,3.171208617147656672e-01,-2.327164643452581672e+00
-7.754634220102107900e-02,5.307692307692308820e-01,3.171208617147656672e-01,-2.327164643452581672e+00
-1.134631878900141805e-01,7.861538461538463141e-01,3.171208617147656672e-01,-2.327164643452581672e+00
-1.477788273938071273e-01,1.041538461538461746e+00,3.171208617147656672e-01,-2.327164643452581672e+00
-1.800089942710600965e-01,1.296923076923077289e+00,3.171208617147656672e-01,-2.327164643452581672e+00
-2.096988525215373045e-01,1.552307692307692610e+00,3.171208617147656672e-01,-2.327164643452581672e+00
-2.364294152865718257e-01,1.807692307692307931e+00,3.171208617147656672e-01,-2.327164643452581672e+00
-2.598234576421226683e-01,2.063076923076923475e+00,3.171208617147656672e-01,-2.327164643452581672e+00
-2.795508400423765138e-01,2.318461538461539018e+00,3.171208617147656672e-01,-2.327164643452581672e+00
-2.953331672888155901e-01,2.573846153846154561e+00,3.171208617147656672e-01,-2.327164643452581672e+00
-3.069477172768191320e-01,2.829230769230769660e+00,3.171208617147656672e-01,-2.327164643452581672e+00
-3.142305840768522263e-01,3.084615384615385203e+00,3.171208617147656672e-01,-2.327164643452581672e+00
-3.170789909947018814e-01,3.340000000000000746e+00,3.171208617147656672e-01,-2.327164643452581672e+00
-3.154527409685752293e-01,3.595384615384615845e+00,3.171208617147656672e-01,-2.327164643452581672e+00
-3.093747838348812618e-01,3.850769230769231388e+00,3.171208617147656672e-01,-2.327164643452581672e+00
-2.989308924573728099e-01,4.106153846153846487e+00,3.171208617147656672e-01,-2.327164643452581672e+00
-2.842684522901535726e-01,4.361538461538462030e+00,3.171208617147656672e-01,-2.327164643452581672e+00
-2.655943814563829219e-01,4.616923076923077573e+00,3.171208617147656672e-01,-2.327164643452581672e+00
-2.431722106947783735e-01,4.872307692307693117e+00,3.171208617147656672e-01,-2.327164643452581672e+00
-2.173183643820629229e-01,5.127692307692308660e+00,3.171208617147656672e-01,-2.327164643452581672e+00
-1.883976951140163836e-01,5.383076923076923315e+00,3.171208617147656672e-01,-2.327164643452581672e+00
-1.568183348616618844e-01,5.638461538461538858e+00,3.171208617147656672e-01,-2.327164643452581672e+00
-1.230259353636915798e-01,5.893846153846154401e+00,3.171208617147656672e-01,-2.327164643452581672e+00
-8.749737903540788508e-02,6.149230769230769944e+00,3.171208617147656672e-01,-2.327164643452581672e+00
-5.073404914659192244e-02,6.404615384615385487e+00,3.171208617147656672e-01,-2.327164643452581672e+00
-1.325475424035974827e-02,6.660000000000001030e+00,3.171208617147656672e-01,-2.327164643452581672e+00
2.441159335553886450e-02,6.915384615384616573e+00,3.171208617147656672e-01,-2.327164643452581672e+00
6.173344160324915203e-02,7.170769230769231228e+00,3.171208617147656672e-01,-2.327164643452581672e+00
9.818410008124647814e-02,7.426153846153846771e+00,3.171208617147656672e-01,-2.327164643452581672e+00
1.332491727030558348e-01,7.681538461538462315e+00,3.171208617147656672e-01,-2.327164643452581672e+00
1.664338169368337061e-01,7.936923076923077858e+00,3.171208617147656672e-01,-2.327164643452581672e+00
1.972697270828291938e-01,8.192307692307693401e+00,3.171208617147656672e-01,-2.327164643452581672e+00
2.253217430598722648e-01,8.447692307692308944e+00,3.171208617147656672e-01,-2.327164643452581672e+00
2.501939914368960793e-01,8.703076923076924487e+00,3.171208617147656672e-01,-2.327164643452581672e+00
2.715354720465186777e-01,8.958461538461540030e+00,3.171208617147656672e-01,-2.327164643452581672e+00
2.890450113417160627e-01,9.213846153846155573e+00,3.171208617147656672e-01,-2.327164643452581672e+00
3.024755125932243605e-01,9.469230769230771116e+00,3.171208617147656672e-01,-2.327164643452581672e+00
3.116374429483699804e-01,9.724615384615386660e+00,3.171208617147656672e-01,-2.327164643452581672e+00
3.164015081415337827e-01,9.980000000000000426e+00,3.171208617147656672e-01,-2.327164643452581672e+00
-4.131205691615888465e-03,2.000000000000000042e-02,3.062078595821546290e-01,-3.372979252611996159e+00
-5.655861311671121772e-02,2.753846153846154499e-01,3.062078595821546290e-01,-3.372979252611996159e+00
-1.073114590785423372e-01,5.307692307692308820e-01,3.062078595821546290e-01,-3.372979252611996159e+00
-1.548870766035876645e-01,7.861538461538463141e-01,3.062078595821546290e-01,-3.372979252611996159e+00
-1.978768686398997834e-01,1.041538461538461746e+00,3.062078595821546290e-01,-3.372979252611996159e+00
-2.350080131522352955e-01,1.296923076923077289e+00,3.062078595821546290e-01,-3.372979252611996159e+00
-2.651811482527958175e-01,1.552307692307692610e+00,3.062078595821546290e-01,-3.372979252611996159e+00
-2.875029216035210333e-01,1.807692307692307931e+00,3.062078595821546290e-01,-3.372979252611996159e+00
-3.013124403821680897e-01,2.063076923076923475e+00,3.062078595821546290e-01,-3.372979252611996159e+00
-3.062008386937188908e-01,2.318461538461539018e+00,3.062078595821546290e-01,-3.372979252611996159e+00
-3.020233830841774769e-01,2.573846153846154561e+00,3.062078595821546290e-01,-3.372979252611996159e+00
-2.889037577422596259e-01,2.829230769230769660e+00,3.062078595821546290e-01,-3.372979252611996159e+00
-2.672304025146903794e-01,3.084615384615385203e+00,3.062078595821546290e-01,-3.372979252611996159e+00
-2.376450121574716634e-01,3.340000000000000746e+00,3.062078595821546290e-01,-3.372979252611996159e+00
-2.010235373320100050e-01,3.595384615384615845e+00,3.062078595821546290e-01,-3.372979252611996159e+00
-1.584502498598945597e-01,3.850769230769231388e+00,3.062078595821546290e-01,-3.372979252611996159e+00
-1.111856401003597644e-01,4.106153846153846487e+00,3.062078595821546290e-01,-3.372979252611996159e+00
-6.062909693014838924e-02,4.361538461538462030e+00,3.062078595821546290e-01,-3.372979252611996159e+00
-8.277475279808267986e-03,4.616923076923077573e+00,3.062078595821546290e-01,-3.372979252611996159e+00
4.431922206020772609e-02,4.872307692307693117e+00,3.062078595821546290e-01,-3.372979252611996159e+00
9.560373621088832929e-02,5.127692307692308660e+00,3.062078595821546290e-01,-3.372979252611996159e+00
1.440576588109508116e-01,5.383076923076923315e+00,3.062078595821546290e-01,-3.372979252611996159e+00
1.882463883548280148e-01,5.638461538461538858e+00,3.062078595821546290e-01,-3.372979252611996159e+00
2.268616052157267360e-01,5.893846153846154401e+00,3.062078595821546290e-01,-3.372979252611996159e+00
2.587600077727706394e-01,6.149230769230769944e+00,3.062078595821546290e-01,-3.372979252611996159e+00
2.829971627607473783e-01,6.404615384615385487e+00,3.062078595821546290e-01,-3.372979252611996159e+00
2.988554676168377888e-01,6.660000000000001030e+00,3.062078595821546290e-01,-3.372979252611996159e+00
3.058653969280001883e-01,6.915384615384616573e+00,3.062078595821546290e-01,-3.372979252611996159e+00
3.038194039239405231e-01,7.170769230769231228e+00,3.062078595821546290e-01,-3.372979252611996159e+00
2.927780654266475824e-01,7.426153846153846771e+00,3.062078595821546290e-01,-3.372979252611996159e+00
2.730682883196454136e-01,7.681538461538462315e+00,3.062078595821546290e-01,-3.372979252611996159e+00
2.452736306389982912e-01,7.936923076923077858e+00,3.062078595821546290e-01,-3.372979252611996159e+00
2.102170238547654280e-01,8.192307692307693401e+00,3.062078595821546290e-01,-3.372979252611996159e+00
1.689364078936655411e-01,8.447692307692308944e+00,3.062078595821546290e-01,-3.372979252611996159e+00
1.226540002900220333e-01,8.703076923076924487e+00,3.062078595821546290e-01,-3.372979252611996159e+00
7.274010932986448019e-02,8.958461538461540030e+00,3.062078595821546290e-01,-3.372979252611996159e+00
2.067256259200823953e-02,9.213846153846155573e+00,3.062078595821546290e-01,-3.372979252611996159e+00
-3.200704789274442380e-02,9.469230769230771116e+00,3.062078595821546290e-01,-3.372979252611996159e+00
-8.373900839104074512e-02,9.724615384615386660e+00,3.062078595821546290e-01,-3.372979252611996159e+00
-1.329916627554643682e-01,9.980000000000000426e+00,3.062078595821546290e-01,-3.372979252611996159e+00
-3.743874912637141106e-03,2.000000000000000042e-02,3.418886695806284126e-01,-2.737696561925658578e+00
-5.135618667162470535e-02,2.753846153846154499e-01,3.418886695806284126e-01,-2.737696561925658578e+00
-9.796595067021475478e-02,5.307692307692308820e-01,3.418886695806284126e-01,-2.737696561925658578e+00
-1.426632762498927232e-01,7.861538461538463141e-01,3.418886695806284126e-01,-2.737696561925658578e+00
-1.845756063428569682e-01,1.041538461538461746e+00,3.418886695806284126e-01,-2.737696561925658578e+00
-2.228847510601967008e-01,1.296923076923077289e+00,3.418886695806284126e-01,-2.737696561925658578e+00
-2.568428599533438828e-01,1.552307692307692610e+00,3.418886695806284126e-01,-2.737696561925658578e+00
-2.857870211469321076e-01,1.807692307692307931e+00,3.418886695806284126e-01,-2.737696561925658578e+00
-3.091522023466681257e-01,2.063076923076923475e+00,3.418886695806284126e-01,-2.737696561925658578e+00
-3.264822810948458387e-01,2.318461538461539018e+00,3.418886695806284126e-01,-2.737696561925658578e+00
-3.374389489468062053e-01,2.573846153846154561e+00,3.418886695806284126e-01,-2.737696561925658578e+00
-3.418083157458161603e-01,2.829230769230769660e+00,3.418886695806284126e-01,-2.737696561925658578e+00
-3.395050850712767465e-01,3.084615384615385203e+00,3.418886695806284126e-01,-2.737696561925658578e+00
-3.305742193494133896e-01,3.340000000000000746e+00,3.418886695806284126e-01,-2.737696561925658578e+00
-3.151900621210561582e-01,3.595384615384615845e+00,3.418886695806284126e-01,-2.737696561925658578e+00
-2.936529346011252928e-01,3.850769230769231388e+00,3.418886695806284126e-01,-2.737696561925658578e+00
-2.663832729699502910e-01,4.106153846153846487e+00,3.418886695806284126e-01,-2.737696561925658578e+00
-2.339134208450573404e-01,4.361538461538462030e+00,3.418886695806284126e-01,-2.737696561925658578e+00
-1.968772371563627110e-01,4.616923076923077573e+00,3.418886695806284126e-01,-2.737696561925658578e+00
-1.559977222942222352e-01,4.872307692307693117e+00,3.418886695806284126e-01,-2.737696561925658578e+00
-1.120729040859983205e-01,5.127692307692308660e+00,3.418886695806284126e-01,-2.737696561925658578e+00
-6.596025912749244047e-02,5.383076923076923315e+00,3.418886695806284126e-01,-2.737696561925658578e+00
-1.855997358760259550e-02,5.638461538461538858e+00,3.418886695806284126e-01,-2.737696561925658578e+00
2.920262974025433431e-02,5.893846153846154401e+00,3.418886695806284126e-01,-2.737696561925658578e+00
7.639515509033988072e-02,6.149230769230769944e+00,3.418886695806284126e-01,-2.737696561925658578e+00
1.220963354515390703e-01,6.404615384615385487e+00,3.418886695806284126e-01,-2.737696561925658578e+00
1.654140170447638003e-01,6.660000000000001030e+00,3.418886695806284126e-01,-2.737696561925658578e+00
2.055025754675524619e-01,6.915384615384616573e+00,3.418886695806284126e-01,-2.737696561925658578e+00
2.415794235172897542e-01,7.170769230769231228e+00,3.418886695806284126e-01,-2.737696561925658578e+00
2.729402884362314152e-01,7.426153846153846771e+00,3.418886695806284126e-01,-2.737696561925658578e+00
2.989729603441996786e-01,7.681538461538462315e+00,3.418886695806284126e-01,-2.737696561925658578e+00
3.191692434694685110e-01,7.936923076923077858e+00,3.418886695806284126e-01,-2.737696561925658578e+00
3.331348768723568221e-01,8.192307692307693401e+00,3.418886695806284126e-01,-2.737696561925658578e+00
3.405972309945189402e-01,8.447692307692308944e+00,3.418886695806284126e-01,-2.737696561925658578e+00
3.414106297860506900e-01,8.703076923076924487e+00,3.418886695806284126e-01,-2.737696561925658578e+00
3.355591945147173294e-01,8.958461538461540030e+00,3.418886695806284126e-01,-2.737696561925658578e+00
3.231571537419945517e-01,9.213846153846155573e+00,3.418886695806284126e-01,-2.737696561925658578e+00
3.044466134147386094e-01,9.469230769230771116e+00,3.418886695806284126e-01,-2.737696561925658578e+00
2.797928306035504797e-01,9.724615384615386660e+00,3.418886695806284126e-01,-2.737696561925658578e+00
2.496770831513652478e-01,9.980000000000000426e+00,3.418886695806284126e-01,-2.737696561925658578e+00
-6.401104712784183581e-03,2.000000000000000042e-02,4.191679199940013811e-01,-3.817893275083065863e+00
-8.749359174129855976e-02,2.753846153846154499e-01,4.191679199940013811e-01,-3.817893275083065863e+00
-1.652694522247352416e-01,5.307692307692308820e-01,4.191679199940013811e-01,-3.817893275083065863e+00
-2.367804304301675544e-01,7.861538461538463141e-01,4.191679199940013811e-01,-3.817893275083065863e+00
-2.993157540157548868e-01,1.041538461538461746e+00,4.191679199940013811e-01,-3.817893275083065863e+00
-3.505048914936341742e-01,1.296923076923077289e+00,4.191679199940013811e-01,-3.817893275083065863e+00
-3.884074121556827519e-01,1.552307692307692610e+00,4.191679199940013811e-01,-3.817893275083065863e+00
-4.115865421347949527e-01,1.807692307692307931e+00,4.191679199940013811e-01,-3.817893275083065863e+00
-4.191636283062044055e-01,2.063076923076923475e+00,4.191679199940013811e-01,-3.817893275083065863e+00
-4.108514454614095590e-01,2.318461538461539018e+00,4.191679199940013811e-01,-3.817893275083065863e+00
-3.869650841770105321e-01,2.573846153846154561e+00,4.191679199940013811e-01,-3.817893275083065863e+00
-3.484100066511466864e-01,2.829230769230769660e+00,4.191679199940013811e-01,-3.817893275083065863e+00
-2.966477232758918392e-01,3.084615384615385203e+00,4.191679199940013811e-01,-3.817893275083065863e+00
-2.336403910465127964e-01,3.340000000000000746e+00,4.191679199940013811e-01,-3.817893275083065863e+00
-1.617764339200968016e-01,3.595384615384615845e+00,4.191679199940013811e-01,-3.817893275083065863e+00
-8.378000463853266244e-02,3.850769230769231388e+00,4.191679199940013811e-01,-3.817893275083065863e+00
-2.607720053731106807e-03,4.106153846153846487e+00,4.191679199940013811e-01,-3.817893275083065863e+00
7.866341558267554712e-02,4.361538461538462030e+00,4.191679199940013811e-01,-3.817893275083065863e+00
1.569526508643750706e-01,4.616923076923077573e+00,4.191679199940013811e-01,-3.817893275083065863e+00
2.292922695191076665e-01,4.872307692307693117e+00,4.191679199940013811e-01,-3.817893275083065863e+00
2.929400878655756268e-01,5.127692307692308660e+00,4.191679199940013811e-01,-3.817893275083065863e+00
3.454834029884804036e-01,5.383076923076923315e+00,4.191679199940013811e-01,-3.817893275083065863e+00
3.849304512599409644e-01,5.638461538461538858e+00,4.191679199940013811e-01,-3.817893275083065863e+00
4.097859102818446342e-01,5.893846153846154401e+00,4.191679199940013811e-01,-3.817893275083065863e+00
4.191075821909936994e-01,6.149230769230769944e+00,4.191679199940013811e-01,-3.817893275083065863e+00
4.125421096284880296e-01,6.404615384615385487e+00,4.191679199940013811e-01,-3.817893275083065863e+00
3.903383704852498859e-01,6.660000000000001030e+00,4.191679199940013811e-01,-3.817893275083065863e+00
3.533380436680062520e-01,6.915384615384616573e+00,4.191679199940013811e-01,-3.817893275083065863e+00
3.029437035099897257e-01,7.170769230769231228e+00,4.191679199940013811e-01,-3.817893275083065863e+00
2.410656522740662333e-01,7.426153846153846771e+00,4.191679199940013811e-01,-3.817893275083065863e+00
1.700495061728332646e-01,7.681538461538462315e+00,4.191679199940013811e-01,-3.817893275083065863e+00
9.258727990817813835e-02,7.936923076923077858e+00,4.191679199940013811e-01,-3.817893275083065863e+00
1.161534025573567747e-02,8.192307692307693401e+00,4.191679199940013811e-01,-3.817893275083065863e+00
-6.979690302415596237e-02,8.447692307692308944e+00,4.191679199940013811e-01,-3.817893275083065863e+00
-1.485633495465139842e-01,8.703076923076924487e+00,4.191679199940013811e-01,-3.817893275083065863e+00
-2.216981933546008643e-01,8.958461538461540030e+00,4.191679199940013811e-01,-3.817893275083065863e+00
-2.864291061039448971e-01,9.213846153846155573e+00,4.191679199940013811e-01,-3.817893275083065863e+00
-3.403023279335231077e-01,9.469230769230771116e+00,4.191679199940013811e-01,-3.817893275083065863e+00
-3.812756823360869407e-01,9.724615384615386660e+00,4.191679199940013811e-01,-3.817893275083065863e+00
-4.077959891055450425e-01,9.980000000000000426e+00,4.191679199940013811e-01,-3.817893275083065863e+00
-3.604915897985591471e-03,2.000000000000000042e-02,3.721483107081015040e-01,-2.421730915907754245e+00
-4.949064516523982854e-02,2.753846153846154499e-01,3.721483107081015040e-01,-2.421730915907754245e+00
-9.462011547277209000e-02,5.307692307692308820e-01,3.721483107081015040e-01,-2.421730915907754245e+00
-1.383037103051050487e-01,7.861538461538463141e-01,3.721483107081015040e-01,-2.421730915907754245e+00
-1.798739073481828987e-01,1.041538461538461746e+00,3.721483107081015040e-01,-2.421730915907754245e+00
-2.186954787954924762e-01,1.296923076923077289e+00,3.721483107081015040e-01,-2.421730915907754245e+00
-2.541751981667669247e-01,1.552307692307692610e+00,3.721483107081015040e-01,-2.421730915907754245e+00
-2.857709053108631880e-01,1.807692307692307931e+00,3.721483107081015040e-01,-2.421730915907754245e+00
-3.129997910718956278e-01,2.063076923076923475e+00,3.721483107081015040e-01,-2.421730915907754245e+00
-3.354457750219109191e-01,2.318461538461539018e+00,3.721483107081015040e-01,-2.421730915907754245e+00
-3.527658635221055383e-01,2.573846153846154561e+00,3.721483107081015040e-01,-2.421730915907754245e+00
-3.646953909560235463e-01,2.829230769230769660e+00,3.721483107081015040e-01,-2.421730915907754245e+00
-3.710520640442577789e-01,3.084615384615385203e+00,3.721483107081015040e-01,-2.421730915907754245e+00
-3.717387474400988268e-01,3.340000000000000746e+00,3.721483107081015040e-01,-2.421730915907754245e+00
-3.667449480398729533e-01,3.595384615384615845e+00,3.721483107081015040e-01,-2.421730915907754245e+00
-3.561469753264504545e-01,3.850769230769231388e+00,3.721483107081015040e-01,-2.421730915907754245e+00
-3.401067752957393497e-01,4.106153846153846487e+00,3.721483107081015040e-01,-2.421730915907754245e+00
-3.188694557847551181e-01,4.361538461538462030e+00,3.721483107081015040e-01,-2.421730915907754245e+00
-2.927595410163491563e-01,4.616923076923077573e+00,3.721483107081015040e-01,-2.421730915907754245e+00
-2.621760125943226605e-01,4.872307692307693117e+00,3.721483107081015040e-01,-2.421730915907754245e+00
-2.275862127267201662e-01,5.127692307692308660e+00,3.721483107081015040e-01,-2.421730915907754245e+00
-1.895187028412121111e-01,5.383076923076923315e+00,3.721483107081015040e-01,-2.421730915907754245e+00
-1.485551867189693342e-01,5.638461538461538858e+00,3.721483107081015040e-01,-2.421730915907754245e+00
-1.053216215683840523e-01,5.893846153846154401e+00,3.721483107081015040e-01,-2.421730915907754245e+00
-6.047865286895448556e-02,6.149230769230769944e+00,3.721483107081015040e-01,-2.421730915907754245e+00
-1.471151914901745218e-02,6.404615384615385487e+00,3.721483107081015040e-01,-2.421730915907754245e+00
3.128041903912619215e-02,6.660000000000001030e+00,3.721483107081015040e-01,-2.421730915907754245e+00
7.679436594056865406e-02,6.915384615384616573e+00,3.721483107081015040e-01,-2.421730915907754245e+00
1.211348299119578698e-01,7.170769230769231228e+00,3.721483107081015040e-01,-2.421730915907754245e+00
1.636242511226507768e-01,7.426153846153846771e+00,3.721483107081015040e-01,-2.421730915907754245e+00
2.036133552425855864e-01,7.681538461538462315e+00,3.721483107081015040e-01,-2.421730915907754245e+00
2.404910749037577067e-01,7.936923076923077858e+00,3.721483107081015040e-01,-2.421730915907754245e+00
2.736938873269681438e-01,8.192307692307693401e+00,3.721483107081015040e-01,-2.421730915907754245e+00
3.027144254269995005e-01,8.447692307692308944e+00,3.721483107081015040e-01,-2.421730915907754245e+00
3.271092308112436564e-01,8.703076923076924487e+00,3.721483107081015040e-01,-2.421730915907754245e+00
3.465055301993990033e-01,8.958461538461540030e+00,3.721483107081015040e-01,-2.421730915907754245e+00
3.606069317148031805e-01,9.213846153846155573e+00,3.721483107081015040e-01,-2.421730915907754245e+00
3.691979540032517271e-01,9.469230769230771116e+00,3.721483107081015040e-01,-2.421730915907754245e+00
3.721473189705287732e-01,9.724615384615386660e+00,3.721483107081015040e-01,-2.421730915907754245e+00
3.694099578228339786e-01,9.980000000000000426e+00,3.721483107081015040e-01,-2.421730915907754245e+00
-4.839779970028904206e-03,2.000000000000000042e-02,4.252229860560988728e-01,-2.845497908755318051e+00
-6.636901789335290791e-02,2.753846153846154499e-01,4.252229860560988728e-01,-2.845497908755318051e+00
-1.264987755888878629e-01,5.307692307692308820e-01,4.252229860560988728e-01,-2.845497908755318051e+00
-1.839611360425253694e-01,7.861538461538463141e-01,4.252229860560988728e-01,-2.845497908755318051e+00
-2.375444279074605536e-01,1.041538461538461746e+00,4.252229860560988728e-01,-2.845497908755318051e+00
-2.861187752282390306e-01,1.296923076923077289e+00,4.252229860560988728e-01,-2.845497908755318051e+00
-3.286599223986919061e-01,1.552307692307692610e+00,4.252229860560988728e-01,-2.845497908755318051e+00
-3.642708319723982902e-01,1.807692307692307931e+00,4.252229860560988728e-01,-2.845497908755318051e+00
-3.922005999067209592e-01,2.063076923076923475e+00,4.252229860560988728e-01,-2.845497908755318051e+00
-4.118602893869908743e-01,2.318461538461539018e+00,4.252229860560988728e-01,-2.845497908755318051e+00
-4.228353493533096308e-01,2.573846153846154561e+00,4.252229860560988728e-01,-2.845497908755318051e+00
-4.248943558685873145e-01,2.829230769230769660e+00,4.252229860560988728e-01,-2.845497908755318051e+00
-4.179938920042858830e-01,3.084615384615385203e+00,4.252229860560988728e-01,-2.845497908755318051e+00
-4.022794633448963375e-01,3.340000000000000746e+00,4.252229860560988728e-01,-2.845497908755318051e+00
-3.780824298065040279e-01,3.595384615384615845e+00,4.252229860560988728e-01,-2.845497908755318051e+00
-3.459130184661851626e-01,3.850769230769231388e+00,4.252229860560988728e-01,-2.845497908755318051e+00
-3.064495647361454300e-01,4.106153846153846487e+00,4.252229860560988728e-01,-2.845497908755318051e+00
-2.605242087469532009e-01,4.361538461538462030e+00,4.252229860560988728e-01,-2.845497908755318051e+00
-2.091053485509091203e-01,4.616923076923077573e+00,4.252229860560988728e-01,-2.845497908755318051e+00
-1.532772201434209614e-01,4.872307692307693117e+00,4.252229860560988728e-01,-2.845497908755318051e+00
-9.421703488516114389e-02,5.127692307692308660e+00,4.252229860560988728e-01,-2.845497908755318051e+00
-3.317015641329155995e-02,5.383076923076923315e+00,4.252229860560988728e-01,-2.845497908755318051e+00
2.857615952995494479e-02,5.638461538461538858e+00,4.252229860560988728e-01,-2.845497908755318051e+00
8.971990862020699786e-02,5.893846153846154401e+00,4.252229860560988728e-01,-2.845497908755318051e+00
1.489717924676319249e-01,6.149230769230769944e+00,4.252229860560988728e-01,-2.845497908755318051e+00
2.050824052118477292e-01,6.404615384615385487e+00,4.252229860560988728e-01,-2.845497908755318051e+00
2.568685789290678367e-01,6.660000000000001030e+00,4.252229860560988728e-01,-2.845497908755318051e+00
3.032383323230407601e-01,6.915384615384616573e+00,4.252229860560988728e-01,-2.845497908755318051e+00
3.432138966230037780e-01,7.170769230769231228e+00,4.252229860560988728e-01,-2.845497908755318051e+00
3.759523331565421955e-01,7.426153846153846771e+00,4.252229860560988728e-01,-2.845497908755318051e+00
4.007633078480329902e-01,7.681538461538462315e+00,4.252229860560988728e-01,-2.845497908755318051e+00
4.171236478434083295e-01,7.936923076923077858e+00,4.252229860560988728e-01,-2.845497908755318051e+00
4.246883733151800011e-01,8.192307692307693401e+00,4.252229860560988728e-01,-2.845497908755318051e+00
4.232979718272379954e-01,8.447692307692308944e+00,4.252229860560988728e-01,-2.845497908755318051e+00
4.129817618696370873e-01,8.703076923076924487e+00,4.252229860560988728e-01,-2.845497908755318051e+00
3.939572746387043911e-01,8.958461538461540030e+00,4.252229860560988728e-01,-2.845497908755318051e+00
3.666256670984662791e-01,9.213846153846155573e+00,4.252229860560988728e-01,-2.845497908755318051e+00
3.315632630451813556e-01,9.469230769230771116e+00,4.252229860560988728e-01,-2.845497908755318051e+00
2.895094005430373096e-01,9.724615384615386660e+00,4.252229860560988728e-01,-2.845497908755318051e+00
2.413508419842173569e-01,9.980000000000000426e+00,4.252229860560988728e-01,-2.845497908755318051e+00
-4.536039066755854707e-03,2.000000000000000042e-02,4.333427126967688281e-01,-2.616936764690197315e+00
-6.224287745515880849e-02,2.753846153846154499e-01,4.333427126967688281e-01,-2.616936764690197315e+00
-1.188393173302048494e-01,5.307692307692308820e-01,4.333427126967688281e-01,-2.616936764690197315e+00
-1.733156913167983315e-01,7.861538461538463141e-01,4.333427126967688281e-01,-2.616936764690197315e+00
-2.247001535241164027e-01,1.041538461538461746e+00,4.333427126967688281e-01,-2.616936764690197315e+00
-2.720760170511437037e-01,1.296923076923077289e+00,4.333427126967688281e-01,-2.616936764690197315e+00
-3.145981074686080015e-01,1.552307692307692610e+00,4.333427126967688281e-01,-2.616936764690197315e+00
-3.515078405349889024e-01,1.807692307692307931e+00,4.333427126967688281e-01,-2.616936764690197315e+00
-3.821467551636368865e-01,2.063076923076923475e+00,4.333427126967688281e-01,-2.616936764690197315e+00
-4.059682602160072373e-01,2.318461538461539018e+00,4.333427126967688281e-01,-2.616936764690197315e+00
-4.225473855609368501e-01,2.573846153846154561e+00,4.333427126967688281e-01,-2.616936764690197315e+00
-4.315883634433276272e-01,2.829230769230769660e+00,4.333427126967688281e-01,-2.616936764690197315e+00
-4.329299049123733201e-01,3.084615384615385203e+00,4.333427126967688281e-01,-2.616936764690197315e+00
-4.265480771790748360e-01,3.340000000000000746e+00,4.333427126967688281e-01,-2.616936764690197315e+00
-4.125567305716509314e-01,3.595384615384615845e+00,4.333427126967688281e-01,-2.616936764690197315e+00
-3.912054674720599201e-01,3.850769230769231388e+00,4.333427126967688281e-01,-2.616936764690197315e+00
-3.628751894673333256e-01,4.106153846153846487e+00,4.333427126967688281e-01,-2.616936764690197315e+00
-3.280713021535107132e-01,4.361538461538462030e+00,4.333427126967688281e-01,-2.616936764690197315e+00
-2.874146988168984618e-01,4.616923076923077573e+00,4.333427126967688281e-01,-2.616936764690197315e+00
-2.416306838416913683e-01,4.872307692307693117e+00,4.333427126967688281e-01,-2.616936764690197315e+00
-1.915360334477967663e-01,5.127692307692308660e+00,4.333427126967688281e-01,-2.616936764690197315e+00
-1.380244245923026303e-01,5.383076923076923315e+00,4.333427126967688281e-01,-2.616936764690197315e+00
-8.205049197960971596e-02,5.638461538461538858e+00,4.333427126967688281e-01,-2.616936764690197315e+00
-2.461279759947601620e-02,5.893846153846154401e+00,4.333427126967688281e-01,-2.616936764690197315e+00
3.326398338753415451e-02,6.149230769230769944e+00,4.333427126967688281e-01,-2.616936764690197315e+00
9.054734261751745672e-02,6.404615384615385487e+00,4.333427126967688281e-01,-2.616936764690197315e+00
1.462153582332318680e-01,6.660000000000001030e+00,4.333427126967688281e-01,-2.616936764690197315e+00
1.992749257332707413e-01,6.915384615384616573e+00,4.333427126967688281e-01,-2.616936764690197315e+00
2.487794747262850881e-01,7.170769230769231228e+00,4.333427126967688281e-01,-2.616936764690197315e+00
2.938458555274643391e-01,7.426153846153846771e+00,4.333427126967688281e-01,-2.616936764690197315e+00
3.336700943443040024e-01,7.681538461538462315e+00,4.333427126967688281e-01,-2.616936764690197315e+00
3.675417359827998220e-01,7.936923076923077858e+00,4.333427126967688281e-01,-2.616936764690197315e+00
3.948565182035099208e-01,8.192307692307693401e+00,4.333427126967688281e-01,-2.616936764690197315e+00
4.151271516199117606e-01,8.447692307692308944e+00,4.333427126967688281e-01,-2.616936764690197315e+00
4.279920128281610725e-01,8.703076923076924487e+00,4.333427126967688281e-01,-2.616936764690197315e+00
4.332215956848366467e-01,8.958461538461540030e+00,4.333427126967688281e-01,-2.616936764690197315e+00
4.307226056433662853e-01,9.213846153846155573e+00,4.333427126967688281e-01,-2.616936764690197315e+00
4.205396241071231445e-01,9.469230769230771116e+00,4.333427126967688281e-01,-2.616936764690197315e+00
4.028543131075186245e-01,9.724615384615386660e+00,4.333427126967688281e-01,-2.616936764690197315e+00
3.779821744954490192e-01,9.980000000000000426e+00,4.333427126967688281e-01,-2.616936764690197315e+00
-3.893668372410351991e-03,2.000000000000000042e-02,3.761728082876151236e-01,-2.587732164946567437e+00
-5.343244892052644718e-02,2.753846153846154499e-01,3.761728082876151236e-01,-2.587732164946567437e+00
-1.020391330570792343e-01,5.307692307692308820e-01,3.761728082876151236e-01,-2.587732164946567437e+00
-1.488658068874790796e-01,7.861538461538463141e-01,3.761728082876151236e-01,-2.587732164946567437e+00
-1.930956077089199807e-01,1.041538461538461746e+00,3.761728082876151236e-01,-2.587732164946567437e+00
-2.339569736809341827e-01,1.296923076923077289e+00,3.761728082876151236e-01,-2.587732164946567437e+00
-2.707371032500923147e-01,1.552307692307692610e+00,3.761728082876151236e-01,-2.587732164946567437e+00
-3.027943895374127226e-01,1.807692307692307931e+00,3.761728082876151236e-01,-2.587732164946567437e+00
-3.295696127781919116e-01,2.063076923076923475e+00,3.761728082876151236e-01,-2.587732164946567437e+00
-3.505956955689843446e-01,2.318461538461539018e+00,3.761728082876151236e-01,-2.587732164946567437e+00
-3.655058507474108764e-01,2.573846153846154561e+00,3.761728082876151236e-01,-2.587732164946567437e+00
-3.740399797700127427e-01,2.829230769230769660e+00,3.761728082876151236e-01,-2.587732164946567437e+00
-3.760492099723605208e-01,3.084615384615385203e+00,3.761728082876151236e-01,-2.587732164946567437e+00
-3.714984915616889039e-01,3.340000000000000746e+00,3.761728082876151236e-01,-2.587732164946567437e+00
-3.604672090391074502e-01,3.595384615384615845e+00,3.761728082876151236e-01,-2.587732164946567437e+00
-3.431477963855016911e-01,3.850769230769231388e+00,3.761728082876151236e-01,-2.587732164946567437e+00
-3.198423801683591416e-01,4.106153846153846487e+00,3.761728082876151236e-01,-2.587732164946567437e+00
-2.909575091284701265e-01,4.361538461538462030e+00,3.761728082876151236e-01,-2.587732164946567437e+00
-2.569970621856423332e-01,4.616923076923077573e+00,3.761728082876151236e-01,-2.587732164946567437e+00
-2.185534585789334350e-01,4.872307692307693117e+00,3.761728082876151236e-01,-2.587732164946567437e+00
-1.762973234751344931e-01,5.127692307692308660e+00,3.761728082876151236e-01,-2.587732164946567437e+00
-1.309657893226453262e-01,5.383076923076923315e+00,3.761728082876151236e-01,-2.587732164946567437e+00
-8.334963702647416040e-02,5.638461538461538858e+00,3.761728082876151236e-01,-2.587732164946567437e+00
-3.427950125870447839e-02,5.893846153846154401e+00,3.761728082876151236e-01,-2.587732164946567437e+00
1.538861945564589696e-02,6.149230769230769944e+00,3.761728082876151236e-01,-2.587732164946567437e+00
6.478829510967619443e-02,6.404615384615385487e+00,3.761728082876151236e-01,-2.587732164946567437e+00
1.130577785564795407e-01,6.660000000000001030e+00,3.761728082876151236e-01,-2.587732164946567437e+00
1.593550381613895728e-01,6.915384615384616573e+00,3.761728082876151236e-01,-2.587732164946567437e+00
2.028724465291666945e-01,7.170769230769231228e+00,3.761728082876151236e-01,-2.587732164946567437e+00
2.428508690702573525e-01,7.426153846153846771e+00,3.761728082876151236e-01,-2.587732164946567437e+00
2.785929066396973797e-01,7.681538461538462315e+00,3.761728082876151236e-01,-2.587732164946567437e+00
3.094750612389207678e-01,7.936923076923077858e+00,3.761728082876151236e-01,-2.587732164946567437e+00
3.349586125572394102e-01,8.192307692307693401e+00,3.761728082876151236e-01,-2.587732164946567437e+00
3.545990156183784214e-01,8.447692307692308944e+00,3.761728082876151236e-01,-2.587732164946567437e+00
3.680536555958645595e-01,8.703076923076924487e+00,3.761728082876151236e-01,-2.587732164946567437e+00
3.750878245192557081e-01,8.958461538461540030e+00,3.761728082876151236e-01,-2.587732164946567437e+00
3.755788156112231380e-01,9.213846153846155573e+00,3.761728082876151236e-01,-2.587732164946567437e+00
3.695180638322789757e-01,9.469230769230771116e+00,3.761728082876151236e-01,-2.587732164946567437e+00
3.570112952926551286e-01,9.724615384615386660e+00,3.761728082876151236e-01,-2.587732164946567437e+00
3.382766829249337914e-01,9.980000000000000426e+00,3.761728082876151236e-01,-2.587732164946567437e+00
-4.390100401758134652e-03,2.000000000000000042e-02,3.225761476796872307e-01,-3.402480287172985562e+00
-6.009697695072200446e-02,2.753846153846154499e-01,3.225761476796872307e-01,-3.402480287172985562e+00
-1.139933474460948087e-01,5.307692307692308820e-01,3.225761476796872307e-01,-3.402480287172985562e+00
-1.644555078348677868e-01,7.861538461538463141e-01,3.225761476796872307e-01,-3.402480287172985562e+00
-2.099632144792275834e-01,1.041538461538461746e+00,3.225761476796872307e-01,-3.402480287172985562e+00
-2.491454836368101888e-01,1.296923076923077289e+00,3.225761476796872307e-01,-3.402480287172985562e+00
-2.808218942764311721e-01,1.552307692307692610e+00,3.225761476796872307e-01,-3.402480287172985562e+00
-3.040381499238087315e-01,1.807692307692307931e+00,3.225761476796872307e-01,-3.402480287172985562e+00
-3.180948281866025629e-01,2.063076923076923475e+00,3.225761476796872307e-01,-3.402480287172985562e+00
-3.225684518388444721e-01,2.318461538461539018e+00,3.225761476796872307e-01,-3.402480287172985562e+00
-3.173242466686714836e-01,2.573846153846154561e+00,3.225761476796872307e-01,-3.402480287172985562e+00
-3.025202017412351174e-01,2.829230769230769660e+00,3.225761476796872307e-01,-3.402480287172985562e+00
-2.786023097556479255e-01,3.084615384615385203e+00,3.225761476796872307e-01,-3.402480287172985562e+00
-2.462911308869174809e-01,3.340000000000000746e+00,3.225761476796872307e-01,-3.402480287172985562e+00
-2.065600848960490732e-01,3.595384615384615845e+00,3.225761476796872307e-01,-3.402480287172985562e+00
-1.606061254890659151e-01,3.850769230769231388e+00,3.225761476796872307e-01,-3.402480287172985562e+00
-1.098136804011776435e-01,4.106153846153846487e+00,3.225761476796872307e-01,-3.402480287172985562e+00
-5.571294356183439239e-02,4.361538461538462030e+00,3.225761476796872307e-01,-3.402480287172985562e+00
6.622415207329771555e-05,4.616923076923077573e+00,3.225761476796872307e-01,-3.402480287172985562e+00
5.584339677014910769e-02,4.872307692307693117e+00,3.225761476796872307e-01,-3.402480287172985562e+00
1.099382084270680016e-01,5.127692307692308660e+00,3.225761476796872307e-01,-3.402480287172985562e+00
1.607209767504030606e-01,5.383076923076923315e+00,3.225761476796872307e-01,-3.402480287172985562e+00
2.066617993368626005e-01,5.638461538461538858e+00,3.225761476796872307e-01,-3.402480287172985562e+00
2.463766442164531389e-01,5.893846153846154401e+00,3.225761476796872307e-01,-3.402480287172985562e+00
2.786690457644415142e-01,6.149230769230769944e+00,3.225761476796872307e-01,-3.402480287172985562e+00
3.025661499130502530e-01,6.404615384615385487e+00,3.225761476796872307e-01,-3.402480287172985562e+00
3.173480227501323525e-01,6.660000000000001030e+00,3.225761476796872307e-01,-3.402480287172985562e+00
3.225693395420177745e-01,6.915384615384616573e+00,3.225761476796872307e-01,-3.402480287172985562e+00
3.180728007681802860e-01,7.170769230769231228e+00,3.225761476796872307e-01,-3.402480287172985562e+00
3.039938709907877845e-01,7.426153846153846771e+00,3.225761476796872307e-01,-3.402480287172985562e+00
2.807566977940182396e-01,7.681538461538462315e+00,3.225761476796872307e-01,-3.402480287172985562e+00
2.490613337408414951e-01,7.936923076923077858e+00,3.225761476796872307e-01,-3.402480287172985562e+00
2.098626463038112677e-01,8.192307692307693401e+00,3.225761476796872307e-01,-3.402480287172985562e+00
1.643415511378989724e-01,8.447692307692308944e+00,3.225761476796872307e-01,-3.402480287172985562e+00
1.138694353335328036e-01,8.703076923076924487e+00,3.225761476796872307e-01,-3.402480287172985562e+00
5.996684244943922826e-02,8.958461538461540030e+00,3.225761476796872307e-01,-3.402480287172985562e+00
4.257663996848987109e-03,9.213846153846155573e+00,3.225761476796872307e-01,-3.402480287172985562e+00
-5.157978257889115487e-02,9.469230769230771116e+00,3.225761476796872307e-01,-3.402480287172985562e+00
-1.058633155746093318e-01,9.724615384615386660e+00,3.225761476796872307e-01,-3.402480287172985562e+00
-1.569575671218073620e-01,9.980000000000000426e+00,3.225761476796872307e-01,-3.402480287172985562e+00
-5.147352119028014879e-03,2.000000000000000042e-02,3.954272547543911664e-01,-3.254389673244222791e+00
-7.049817155382831491e-02,2.753846153846154499e-01,3.954272547543911664e-01,-3.254389673244222791e+00
-1.339055730703564984e-01,5.307692307692308820e-01,3.954272547543911664e-01,-3.254389673244222791e+00
-1.936216094872561244e-01,7.861538461538463141e-01,3.954272547543911664e-01,-3.254389673244222791e+00
-2.480000932138010927e-01,1.041538461538461746e+00,3.954272547543911664e-01,-3.254389673244222791e+00
-2.955419765823232292e-01,1.296923076923077289e+00,3.954272547543911664e-01,-3.254389673244222791e+00
-3.349366759851860609e-01,1.552307692307692610e+00,3.954272547543911664e-01,-3.254389673244222791e+00
-3.650982006368554966e-01,1.807692307692307931e+00,3.954272547543911664e-01,-3.254389673244222791e+00
-3.851950900021357538e-01,2.063076923076923475e+00,3.954272547543911664e-01,-3.254389673244222791e+00
-3.946733346076862214e-01,2.318461538461539018e+00,3.954272547543911664e-01,-3.254389673244222791e+00
-3.932716483804896690e-01,2.573846153846154561e+00,3.954272547543911664e-01,-3.254389673244222791e+00
-3.810286715018399994e-01,2.829230769230769660e+00,3.954272547543911664e-01,-3.254389673244222791e+00
-3.582819052163019879e-01,3.084615384615385203e+00,3.954272547543911664e-01,-3.254389673244222791e+00
-3.256584079596864245e-01,3.340000000000000746e+00,3.954272547543911664e-01,-3.254389673244222791e+00
-2.840575092851974071e-01,3.595384615384615845e+00,3.954272547543911664e-01,-3.254389673244222791e+00
-2.346260181116802956e-01,3.850769230769231388e+00,3.954272547543911664e-01,-3.254389673244222791e+00
-1.787266087263706948e-01,4.106153846153846487e+00,3.954272547543911664e-01,-3.254389673244222791e+00
-1.179002560428844965e-01,4.361538461538462030e+00,3.954272547543911664e-01,-3.254389673244222791e+00
-5.382375565893384589e-02,4.616923076923077573e+00,3.954272547543911664e-01,-3.254389673244222791e+00
1.173650024478079673e-02,4.872307692307693117e+00,3.954272547543911664e-01,-3.254389673244222791e+00
7.697321690810397798e-02,5.127692307692308660e+00,3.954272547543911664e-01,-3.254389673244222791e+00
1.400880185533610878e-01,5.383076923076923315e+00,3.954272547543911664e-01,-3.254389673244222791e+00
1.993410240783607679e-01,5.638461538461538858e+00,3.954272547543911664e-01,-3.254389673244222791e+00
2.530988102309713050e-01,5.893846153846154401e+00,3.954272547543911664e-01,-3.254389673244222791e+00
2.998794400679651861e-01,6.149230769230769944e+00,3.954272547543911664e-01,-3.254389673244222791e+00
3.383933154019075906e-01,6.404615384615385487e+00,3.954272547543911664e-01,-3.254389673244222791e+00
3.675787270596902467e-01,6.660000000000001030e+00,3.954272547543911664e-01,-3.254389673244222791e+00
3.866311229413400552e-01,6.915384615384616573e+00,3.954272547543911664e-01,-3.254389673244222791e+00
3.950252870486783974e-01,7.170769230769231228e+00,3.954272547543911664e-01,-3.254389673244222791e+00
3.925298180761741529e-01,7.426153846153846771e+00,3.954272547543911664e-01,-3.254389673244222791e+00
3.792135084337404094e-01,7.681538461538462315e+00,3.954272547543911664e-01,-3.254389673244222791e+00
3.554434478514221230e-01,7.936923076923077858e+00,3.954272547543911664e-01,-3.254389673244222791e+00
3.218749038437652699e-01,8.192307692307693401e+00,3.954272547543911664e-01,-3.254389673244222791e+00
2.794332579983610509e-01,8.447692307692308944e+00,3.954272547543911664e-01,-3.254389673244222791e+00
2.292884960495763236e-01,8.703076923076924487e+00,3.954272547543911664e-01,-3.254389673244222791e+00
1.728229549677306465e-01,8.958461538461540030e+00,3.954272547543911664e-01,-3.254389673244222791e+00
1.115932161773444259e-01,9.213846153846155573e+00,3.954272547543911664e-01,-3.254389673244222791e+00
4.728719539131735761e-02,9.469230769230771116e+00,3.954272547543911664e-01,-3.254389673244222791e+00
-1.832238803758161338e-02,9.724615384615386660e+00,3.954272547543911664e-01,-3.254389673244222791e+00
-8.342687954093140623e-02,9.980000000000000426e+00,3.954272547543911664e-01,-3.254389673244222791e+00
-5.076430039058563506e-03,2.000000000000000042e-02,4.095054536473256013e-01,-3.099201745157482257e+00
-6.956137812955143218e-02,2.753846153846154499e-01,4.095054536473256013e-01,-3.099201745157482257e+00
-1.323068830150189723e-01,5.307692307692308820e-01,4.095054536473256013e-01,-3.099201745157482257e+00
-1.917439383725035862e-01,7.861538461538463141e-01,4.095054536473256013e-01,-3.099201745157482257e+00
-2.463862685581308110e-01,1.041538461538461746e+00,4.095054536473256013e-01,-3.099201745157482257e+00
-2.948674942317570657e-01,1.296923076923077289e+00,4.095054536473256013e-01,-3.099201745157482257e+00
-3.359752998694973125e-01,1.552307692307692610e+00,4.095054536473256013e-01,-3.099201745157482257e+00
-3.686817487755474354e-01,1.807692307692307931e+00,4.095054536473256013e-01,-3.099201745157482257e+00
-3.921689875398703395e-01,2.063076923076923475e+00,4.095054536473256013e-01,-3.099201745157482257e+00
-4.058496971792607266e-01,2.318461538461539018e+00,4.095054536473256013e-01,-3.099201745157482257e+00
-4.093817795630886325e-01,2.573846153846154561e+00,4.095054536473256013e-01,-3.099201745157482257e+00
-4.026769118767786759e-01,2.829230769230769660e+00,4.095054536473256013e-01,-3.099201745157482257e+00
-3.859027552111710668e-01,3.084615384615385203e+00,4.095054536473256013e-01,-3.099201745157482257e+00
-3.594787620500519143e-01,3.340000000000000746e+00,4.095054536473256013e-01,-3.099201745157482257e+00
-3.240656874933006137e-01,3.595384615384615845e+00,4.095054536473256013e-01,-3.099201745157482257e+00
-2.805490664967094649e-01,3.850769230769231388e+00,4.095054536473256013e-01,-3.099201745157482257e+00
-2.300170702945689982e-01,4.106153846153846487e+00,4.095054536473256013e-01,-3.099201745157482257e+00
-1.737332957245734388e-01,4.361538461538462030e+00,4.095054536473256013e-01,-3.099201745157482257e+00
-1.131051678818186801e-01,4.616923076923077573e+00,4.095054536473256013e-01,-3.099201745157482257e+00
-4.964874622120900999e-02,4.872307692307693117e+00,4.095054536473256013e-01,-3.099201745157482257e+00
1.504918583747917420e-02,5.127692307692308660e+00,4.095054536473256013e-01,-3.099201745157482257e+00
7.937079981923929328e-02,5.383076923076923315e+00,4.095054536473256013e-01,-3.099201745157482257e+00
1.417076774122828786e-01,5.638461538461538858e+00,4.095054536473256013e-01,-3.099201745157482257e+00
2.005010303771104230e-01,5.893846153846154401e+00,4.095054536473256013e-01,-3.099201745157482257e+00
2.542806794121437175e-01,6.149230769230769944e+00,4.095054536473256013e-01,-3.099201745157482257e+00
3.017018172752313765e-01,6.404615384615385487e+00,4.095054536473256013e-01,-3.099201745157482257e+00
3.415786368669669892e-01,6.660000000000001030e+00,4.095054536473256013e-01,-3.099201745157482257e+00
3.729139833761324629e-01,6.915384615384616573e+00,4.095054536473256013e-01,-3.099201745157482257e+00
3.949242890093899172e-01,7.170769230769231228e+00,4.095054536473256013e-01,-3.099201745157482257e+00
4.070591667904639999e-01,7.426153846153846771e+00,4.095054536473256013e-01,-3.099201745157482257e+00
4.090151734686932605e-01,7.681538461538462315e+00,4.095054536473256013e-01,-3.099201745157482257e+00
4.007433973833701701e-01,7.936923076923077858e+00,4.095054536473256013e-01,-3.099201745157482257e+00
3.824506815426695905e-01,8.192307692307693401e+00,4.095054536473256013e-01,-3.099201745157482257e+00
3.545944513330076542e-01,8.447692307692308944e+00,4.095054536473256013e-01,-3.099201745157482257e+00
3.178712761964905265e-01,8.703076923076924487e+00,4.095054536473256013e-01,-3.099201745157482257e+00
2.731994513017275139e-01,8.958461538461540030e+00,4.095054536473256013e-01,-3.099201745157482257e+00
2.216960347685929811e-01,9.213846153846155573e+00,4.095054536473256013e-01,-3.099201745157482257e+00
1.646489146512497559e-01,9.469230769230771116e+00,4.095054536473256013e-01,-3.099201745157482257e+00
1.034846041689956586e-01,9.724615384615386660e+00,4.095054536473256013e-01,-3.099201745157482257e+00
3.973257049340246649e-02,9.980000000000000426e+00,4.095054536473256013e-01,-3.099201745157482257e+00
-4.345408838376417157e-03,2.000000000000000042e-02,3.650530595226588737e-01,-2.975945106321549183e+00
-5.956680006317700143e-02,2.753846153846154499e-01,3.650530595226588737e-01,-2.975945106321549183e+00
-1.134145693744501165e-01,5.307692307692308820e-01,3.650530595226588737e-01,-2.975945106321549183e+00
-1.646469768123172694e-01,7.861538461538463141e-01,3.650530595226588737e-01,-2.975945106321549183e+00
-2.120825931668027242e-01,1.041538461538461746e+00,3.650530595226588737e-01,-2.975945106321549183e+00
-2.546275439635836690e-01,1.296923076923077289e+00,3.650530595226588737e-01,-2.975945106321549183e+00
-2.913007344206266502e-01,1.552307692307692610e+00,3.650530595226588737e-01,-2.975945106321549183e+00
-3.212564736833393164e-01,1.807692307692307931e+00,3.650530595226588737e-01,-2.975945106321549183e+00
-3.438039766190045810e-01,2.063076923076923475e+00,3.650530595226588737e-01,-2.975945106321549183e+00
-3.584232934553515104e-01,2.318461538461539018e+00,3.650530595226588737e-01,-2.975945106321549183e+00
-3.647772999227213431e-01,2.573846153846154561e+00,3.650530595226588737e-01,-2.975945106321549183e+00
-3.627194714048342372e-01,2.829230769230769660e+00,3.650530595226588737e-01,-2.975945106321549183e+00
-3.522972618247388610e-01,3.084615384615385203e+00,3.650530595226588737e-01,-2.975945106321549183e+00
-3.337510093481820261e-01,3.340000000000000746e+00,3.650530595226588737e-01,-2.975945106321549183e+00
-3.075083941390905906e-01,3.595384615384615845e+00,3.650530595226588737e-01,-2.975945106321549183e+00
-2.741745759723935305e-01,3.850769230769231388e+00,3.650530595226588737e-01,-2.975945106321549183e+00
-2.345182391327387261e-01,4.106153846153846487e+00,3.650530595226588737e-01,-2.975945106321549183e+00
-1.894538664064331079e-01,4.361538461538462030e+00,3.650530595226588737e-01,-2.975945106321549183e+00
-1.400206509317781234e-01,4.616923076923077573e+00,3.650530595226588737e-01,-2.975945106321549183e+00
-8.735853220460196300e-02,4.872307692307693117e+00,3.650530595226588737e-01,-2.975945106321549183e+00
-3.268190885333037421e-02,5.127692307692308660e+00,3.650530595226588737e-01,-2.975945106321549183e+00
2.274836562791982333e-02,5.383076923076923315e+00,3.650530595226588737e-01,-2.975945106321549183e+00
7.765405840442367313e-02,5.638461538461538858e+00,3.650530595226588737e-01,-2.975945106321549183e+00
1.307690335968785533e-01,5.893846153846154401e+00,3.650530595226588737e-01,-2.975945106321549183e+00
1.808684496193097013e-01,6.149230769230769944e+00,3.650530595226588737e-01,-2.975945106321549183e+00
2.267970042625946647e-01,6.404615384615385487e+00,3.650530595226588737e-01,-2.975945106321549183e+00
2.674955761865281390e-01,6.660000000000001030e+00,3.650530595226588737e-01,-2.975945106321549183e+00
3.020256484624735949e-01,6.915384615384616573e+00,3.650530595226588737e-01,-2.975945106321549183e+00
3.295909509549928007e-01,7.170769230769231228e+00,3.650530595226588737e-01,-2.975945106321549183e+00
3.495558224649518708e-01,7.426153846153846771e+00,3.650530595226588737e-01,-2.975945106321549183e+00
3.614598691995374868e-01,7.681538461538462315e+00,3.650530595226588737e-01,-2.975945106321549183e+00
3.650285815420344915e-01,7.936923076923077858e+00,3.650530595226588737e-01,-2.975945106321549183e+00
3.601796642966034745e-01,8.192307692307693401e+00,3.650530595226588737e-01,-2.975945106321549183e+00
3.470249344313900974e-01,8.447692307692308944e+00,3.650530595226588737e-01,-2.975945106321549183e+00
3.258677425576448350e-01,8.703076923076924487e+00,3.650530595226588737e-01,-2.975945106321549183e+00
2.971959776060411063e-01,8.958461538461540030e+00,3.650530595226588737e-01,-2.975945106321549183e+00
2.616708160137098393e-01,9.213846153846155573e+00,3.650530595226588737e-01,-2.975945106321549183e+00
2.201114748679050825e-01,9.469230769230771116e+00,3.650530595226588737e-01,-2.975945106321549183e+00
1.734763206017595483e-01,9.724615384615386660e+00,3.650530595226588737e-01,-2.975945106321549183e+00
1.228407688792462898e-01,9.980000000000000426e+00,3.650530595226588737e-01,-2.975945106321549183e+00
-3.505997406178639180e-03,2.000000000000000042e-02,4.024772843821837198e-01,-2.177788588487530763e+00
-4.815982441899609862e-02,2.753846153846154499e-01,4.024772843821837198e-01,-2.177788588487530763e+00
-9.221837602764111630e-02,5.307692307692308820e-01,4.024772843821837198e-01,-2.177788588487530763e+00
-1.351370702608857277e-01,7.861538461538463141e-01,4.024772843821837198e-01,-2.177788588487530763e+00
-1.763854142574193817e-01,1.041538461538461746e+00,4.024772843821837198e-01,-2.177788588487530763e+00
-2.154535613776373260e-01,1.296923076923077289e+00,4.024772843821837198e-01,-2.177788588487530763e+00
-2.518586131195656996e-01,1.552307692307692610e+00,4.024772843821837198e-01,-2.177788588487530763e+00
-2.851505879446287750e-01,1.807692307692307931e+00,4.024772843821837198e-01,-2.177788588487530763e+00
-3.149179832360963771e-01,2.063076923076923475e+00,4.024772843821837198e-01,-2.177788588487530763e+00
-3.407928616420975443e-01,2.318461538461539018e+00,4.024772843821837198e-01,-2.177788588487530763e+00
-3.624553989338926696e-01,2.573846153846154561e+00,4.024772843821837198e-01,-2.177788588487530763e+00
-3.796378371659878681e-01,2.829230769230769660e+00,4.024772843821837198e-01,-2.177788588487530763e+00
-3.921277942753945145e-01,3.084615384615385203e+00,4.024772843821837198e-01,-2.177788588487530763e+00
-3.997708892120133695e-01,3.340000000000000746e+00,4.024772843821837198e-01,-2.177788588487530763e+00
-4.024726501524436006e-01,3.595384615384615845e+00,4.024772843821837198e-01,-2.177788588487530763e+00
-4.001996822109025187e-01,3.850769230769231388e+00,4.024772843821837198e-01,-2.177788588487530763e+00
-3.929800802138640470e-01,4.106153846153846487e+00,4.024772843821837198e-01,-2.177788588487530763e+00
-3.809030814363515427e-01,4.361538461538462030e+00,4.024772843821837198e-01,-2.177788588487530763e+00
-3.641179625922069674e-01,4.616923076923077573e+00,4.024772843821837198e-01,-2.177788588487530763e+00
-3.428321947119951085e-01,4.872307692307693117e+00,4.024772843821837198e-01,-2.177788588487530763e+00
-3.173088787150171175e-01,5.127692307692308660e+00,4.024772843821837198e-01,-2.177788588487530763e+00
-2.878634933728260736e-01,5.383076923076923315e+00,4.024772843821837198e-01,-2.177788588487530763e+00
-2.548599958607656868e-01,5.638461538461538858e+00,4.024772843821837198e-01,-2.177788588487530763e+00
-2.187063230963311733e-01,5.893846153846154401e+00,4.024772843821837198e-01,-2.177788588487530763e+00
-1.798493494696765116e-01,6.149230769230769944e+00,4.024772843821837198e-01,-2.177788588487530763e+00
-1.387693632908108266e-01,6.404615384615385487e+00,4.024772843821837198e-01,-2.177788588487530763e+00
-9.597413022688579265e-02,6.660000000000001030e+00,4.024772843821837198e-01,-2.177788588487530763e+00
-5.199261710795328312e-02,6.915384615384616573e+00,4.024772843821837198e-01,-2.177788588487530763e+00
-7.368453677557103808e-03,7.170769230769231228e+00,4.024772843821837198e-01,-2.177788588487530763e+00
3.734678689637018628e-02,7.426153846153846771e+00,4.024772843821837198e-01,-2.177788588487530763e+00
8.160040569462709281e-02,7.681538461538462315e+00,4.024772843821837198e-01,-2.177788588487530763e+00
1.248454096346173492e-01,7.936923076923077858e+00,4.024772843821837198e-01,-2.177788588487530763e+00
1.665472725317177771e-01,8.192307692307693401e+00,4.024772843821837198e-01,-2.177788588487530763e+00
2.061905420646151510e-01,8.447692307692308944e+00,4.024772843821837198e-01,-2.177788588487530763e+00
2.432852109797818130e-01,8.703076923076924487e+00,4.024772843821837198e-01,-2.177788588487530763e+00
2.773727737843613150e-01,8.958461538461540030e+00,4.024772843821837198e-01,-2.177788588487530763e+00
3.080318940642254311e-01,9.213846153846155573e+00,4.024772843821837198e-01,-2.177788588487530763e+00
3.348836123768024198e-01,9.469230769230771116e+00,4.024772843821837198e-01,-2.177788588487530763e+00
3.575960303469616908e-01,9.724615384615386660e+00,4.024772843821837198e-01,-2.177788588487530763e+00
3.758884130685851699e-01,9.980000000000000426e+00,4.024772843821837198e-01,-2.177788588487530763e+00
-3.950318943367218949e-03,2.000000000000000042e-02,4.442137614394226497e-01,-2.223237636345969825e+00
-5.425774442597436353e-02,2.753846153846154499e-01,4.442137614394226497e-01,-2.223237636345969825e+00
-1.038662680012242268e-01,5.307692307692308820e-01,4.442137614394226497e-01,-2.223237636345969825e+00
-1.521368750525909641e-01,7.861538461538463141e-01,4.442137614394226497e-01,-2.223237636345969825e+00
-1.984477848611299888e-01,1.041538461538461746e+00,4.442137614394226497e-01,-2.223237636345969825e+00
-2.422024598534669171e-01,1.296923076923077289e+00,4.442137614394226497e-01,-2.223237636345969825e+00
-2.828372896891522825e-01,1.552307692307692610e+00,4.442137614394226497e-01,-2.223237636345969825e+00
-3.198288512075340151e-01,1.807692307692307931e+00,4.442137614394226497e-01,-2.223237636345969825e+00
-3.527006507177142258e-01,2.063076923076923475e+00,4.442137614394226497e-01,-2.223237636345969825e+00
-3.810292617831725348e-01,2.318461538461539018e+00,4.442137614394226497e-01,-2.223237636345969825e+00
-4.044497794393568380e-01,2.573846153846154561e+00,4.442137614394226497e-01,-2.223237636345969825e+00
-4.226605205876721727e-01,2.829230769230769660e+00,4.442137614394226497e-01,-2.223237636345969825e+00
-4.354269100194069209e-01,3.084615384615385203e+00,4.442137614394226497e-01,-2.223237636345969825e+00
-4.425845020131566332e-01,3.340000000000000746e+00,4.442137614394226497e-01,-2.223237636345969825e+00
-4.440410985841093394e-01,3.595384615384615845e+00,4.442137614394226497e-01,-2.223237636345969825e+00
-4.397779370997145221e-01,3.850769230769231388e+00,4.442137614394226497e-01,-2.223237636345969825e+00
-4.298499319638851568e-01,4.106153846153846487e+00,4.442137614394226497e-01,-2.223237636345969825e+00
-4.143849672565638742e-01,4.361538461538462030e+00,4.442137614394226497e-01,-2.223237636345969825e+00
-3.935822494402660410e-01,4.616923076923077573e+00,4.442137614394226497e-01,-2.223237636345969825e+00
-3.677097413526261849e-01,4.872307692307693117e+00,4.442137614394226497e-01,-2.223237636345969825e+00
-3.371007105380633972e-01,5.127692307692308660e+00,4.442137614394226497e-01,-2.223237636345969825e+00
-3.021494363800091287e-01,5.383076923076923315e+00,4.442137614394226497e-01,-2.223237636345969825e+00
-2.633061313307514251e-01,5.638461538461538858e+00,4.442137614394226497e-01,-2.223237636345969825e+00
-2.210711416592735234e-01,5.893846153846154401e+00,4.442137614394226497e-01,-2.223237636345969825e+00
-1.759885024180993240e-01,6.149230769230769944e+00,4.442137614394226497e-01,-2.223237636345969825e+00
-1.286389296485553335e-01,6.404615384615385487e+00,4.442137614394226497e-01,-2.223237636345969825e+00
-7.963234009287406545e-02,6.660000000000001030e+00,4.442137614394226497e-01,-2.223237636345969825e+00
-2.959999476781768543e-02,6.915384615384616573e+00,4.442137614394226497e-01,-2.223237636345969825e+00
2.081363240040869089e-02,7.170769230769231228e+00,4.442137614394226497e-01,-2.223237636345969825e+00
7.095915613865347304e-02,7.426153846153846771e+00,4.442137614394226497e-01,-2.223237636345969825e+00
1.201906446530892347e-01,7.681538461538462315e+00,4.442137614394226497e-01,-2.223237636345969825e+00
1.678739399707152580e-01,7.936923076923077858e+00,4.442137614394226497e-01,-2.223237636345969825e+00
2.133948266205574762e-01,8.192307692307693401e+00,4.442137614394226497e-01,-2.223237636345969825e+00
2.561669434325977712e-01,8.447692307692308944e+00,4.442137614394226497e-01,-2.223237636345969825e+00
2.956393365413943486e-01,8.703076923076924487e+00,4.442137614394226497e-01,-2.223237636345969825e+00
3.313035563030566344e-01,8.958461538461540030e+00,4.442137614394226497e-01,-2.223237636345969825e+00
3.627002067091521509e-01,9.213846153846155573e+00,4.442137614394226497e-01,-2.223237636345969825e+00
3.894248629335921863e-01,9.469230769230771116e+00,4.442137614394226497e-01,-2.223237636345969825e+00
4.111332807877113305e-01,9.724615384615386660e+00,4.442137614394226497e-01,-2.223237636345969825e+00
4.275458309797934287e-01,9.980000000000000426e+00,4.442137614394226497e-01,-2.223237636345969825e+00
-4.312412996189205622e-03,2.000000000000000042e-02,3.464913503943352069e-01,-3.111567094185500260e+00
-5.908990772426912091e-02,2.753846153846154499e-01,3.464913503943352069e-01,-3.111567094185500260e+00
-1.123780181322132643e-01,5.307692307692308820e-01,3.464913503943352069e-01,-3.111567094185500260e+00
-1.628335964787591961e-01,7.861538461538463141e-01,3.464913503943352069e-01,-3.111567094185500260e+00
-2.091848901051722720e-01,1.041538461538461746e+00,3.464913503943352069e-01,-3.111567094185500260e+00
-2.502635964602397123e-01,1.296923076923077289e+00,3.464913503943352069e-01,-3.111567094185500260e+00
-2.850343106246952529e-01,1.552307692307692610e+00,3.464913503943352069e-01,-3.111567094185500260e+00
-3.126206230986608436e-01,1.807692307692307931e+00,3.464913503943352069e-01,-3.111567094185500260e+00
-3.323272100471288959e-01,2.063076923076923475e+00,3.464913503943352069e-01,-3.111567094185500260e+00
-3.436573592101750396e-01,2.318461538461539018e+00,3.464913503943352069e-01,-3.111567094185500260e+00
-3.463254897304557933e-01,2.573846153846154561e+00,3.464913503943352069e-01,-3.111567094185500260e+00
-3.402643503308238615e-01,2.829230769230769660e+00,3.464913503943352069e-01,-3.111567094185500260e+00
-3.256267144091677945e-01,3.084615384615385203e+00,3.464913503943352069e-01,-3.111567094185500260e+00
-3.027815293249471740e-01,3.340000000000000746e+00,3.464913503943352069e-01,-3.111567094185500260e+00
-2.723046169361653668e-01,3.595384615384615845e+00,3.464913503943352069e-01,-3.111567094185500260e+00
-2.349641597833978246e-01,3.850769230769231388e+00,3.464913503943352069e-01,-3.111567094185500260e+00
-1.917013387473046337e-01,4.106153846153846487e+00,3.464913503943352069e-01,-3.111567094185500260e+00
-1.436066102150685420e-01,4.361538461538462030e+00,3.464913503943352069e-01,-3.111567094185500260e+00
-9.189222069909533386e-02,4.616923076923077573e+00,3.464913503943352069e-01,-3.111567094185500260e+00
-3.786165168779542095e-02,4.872307692307693117e+00,3.464913503943352069e-01,-3.111567094185500260e+00
1.712323511701620976e-02,5.127692307692308660e+00,3.464913503943352069e-01,-3.111567094185500260e+00
7.167652405891872247e-02,5.383076923076923315e+00,3.464913503943352069e-01,-3.111567094185500260e+00
1.244231780750514604e-01,5.638461538461538858e+00,3.464913503943352069e-01,-3.111567094185500260e+00
1.740336970450581111e-01,5.893846153846154401e+00,3.464913503943352069e-01,-3.111567094185500260e+00
2.192576283635203627e-01,6.149230769230769944e+00,3.464913503943352069e-01,-3.111567094185500260e+00
2.589550850887475941e-01,6.404615384615385487e+00,3.464913503943352069e-01,-3.111567094185500260e+00
2.921254772406076117e-01,6.660000000000001030e+00,3.464913503943352069e-01,-3.111567094185500260e+00
3.179327320637619358e-01,6.915384615384616573e+00,3.464913503943352069e-01,-3.111567094185500260e+00
3.357263675696667282e-01,7.170769230769231228e+00,3.464913503943352069e-01,-3.111567094185500260e+00
3.450578881904431405e-01,7.426153846153846771e+00,3.464913503943352069e-01,-3.111567094185500260e+00
3.456920892857241467e-01,7.681538461538462315e+00,3.464913503943352069e-01,-3.111567094185500260e+00
3.376129855679453340e-01,7.936923076923077858e+00,3.464913503943352069e-01,-3.111567094185500260e+00
3.210242140177930747e-01,8.192307692307693401e+00,3.464913503943352069e-01,-3.111567094185500260e+00
2.963439011341681417e-01,8.447692307692308944e+00,3.464913503943352069e-01,-3.111567094185500260e+00
2.641941238916435952e-01,8.703076923076924487e+00,3.464913503943352069e-01,-3.111567094185500260e+00
2.253852300461224312e-01,8.958461538461540030e+00,3.464913503943352069e-01,-3.111567094185500260e+00
1.808954130015450468e-01,9.213846153846155573e+00,3.464913503943352069e-01,-3.111567094185500260e+00
1.318460560611497689e-01,9.469230769230771116e+00,3.464913503943352069e-01,-3.111567094185500260e+00
7.947346752111281165e-02,9.724615384615386660e+00,3.464913503943352069e-01,-3.111567094185500260e+00
2.509771903462475889e-02,9.980000000000000426e+00,3.464913503943352069e-01,-3.111567094185500260e+00
-2.872045128484094611e-03,2.000000000000000042e-02,3.563436949573148271e-01,-2.014962145109586267e+00
-3.946515431339588098e-02,2.753846153846154499e-01,3.563436949573148271e-01,-2.014962145109586267e+00
-7.564061236263598664e-02,5.307692307692308820e-01,3.563436949573148271e-01,-2.014962145109586267e+00
-1.110155822798575137e-01,7.861538461538463141e-01,3.563436949573148271e-01,-2.014962145109586267e+00
-1.452156984603309442e-01,1.041538461538461746e+00,3.563436949573148271e-01,-2.014962145109586267e+00
-1.778790285206314215e-01,1.296923076923077289e+00,3.563436949573148271e-01,-2.014962145109586267e+00
-2.086599035502518795e-01,1.552307692307692610e+00,3.563436949573148271e-01,-2.014962145109586267e+00
-2.372325762504233215e-01,1.807692307692307931e+00,3.563436949573148271e-01,-2.014962145109586267e+00
-2.632946682468555455e-01,2.063076923076923475e+00,3.563436949573148271e-01,-2.014962145109586267e+00
-2.865703700942375254e-01,2.318461538461539018e+00,3.563436949573148271e-01,-2.014962145109586267e+00
-3.068133601075476724e-01,2.573846153846154561e+00,3.563436949573148271e-01,-2.014962145109586267e+00
-3.238094111308165157e-01,2.829230769230769660e+00,3.563436949573148271e-01,-2.014962145109586267e+00
-3.373786576564769546e-01,3.084615384615385203e+00,3.563436949573148271e-01,-2.014962145109586267e+00
-3.473774993028694302e-01,3.340000000000000746e+00,3.563436949573148271e-01,-2.014962145109586267e+00
-3.537001205058166176e-01,3.595384615384615845e+00,3.563436949573148271e-01,-2.014962145109586267e+00
-3.562796103417007476e-01,3.850769230769231388e+00,3.563436949573148271e-01,-2.014962145109586267e+00
-3.550886706311998653e-01,4.106153846153846487e+00,3.563436949573148271e-01,-2.014962145109586267e+00
-3.501399048299765893e-01,4.361538461538462030e+00,3.563436949573148271e-01,-2.014962145109586267e+00
-3.414856846490507691e-01,4.616923076923077573e+00,3.563436949573148271e-01,-2.014962145109586267e+00
-3.292175958163842675e-01,4.872307692307693117e+00,3.563436949573148271e-01,-2.014962145109586267e+00
-3.134654688450618787e-01,5.127692307692308660e+00,3.563436949573148271e-01,-2.014962145109586267e+00
-2.943960050652388305e-01,5.383076923076923315e+00,3.563436949573148271e-01,-2.014962145109586267e+00
-2.722110124602574732e-01,5.638461538461538858e+00,3.563436949573148271e-01,-2.014962145109586267e+00
-2.471452699766986949e-01,5.893846153846154401e+00,3.563436949573148271e-01,-2.014962145109586267e+00
-2.194640429099055101e-01,6.149230769230769944e+00,3.563436949573148271e-01,-2.014962145109586267e+00
-1.894602756591175219e-01,6.404615384615385487e+00,3.563436949573148271e-01,-2.014962145109586267e+00
-1.574514915606736731e-01,6.660000000000001030e+00,3.563436949573148271e-01,-2.014962145109586267e+00
-1.237764326076755822e-01,6.915384615384616573e+00,3.563436949573148271e-01,-2.014962145109586267e+00
-8.879147461722639023e-02,7.170769230769231228e+00,3.563436949573148271e-01,-2.014962145109586267e+00
-5.286685578274854386e-02,7.426153846153846771e+00,3.563436949573148271e-01,-2.014962145109586267e+00
-1.638275852379215275e-02,7.681538461538462315e+00,3.563436949573148271e-01,-2.014962145109586267e+00
2.027471390173678917e-02,7.936923076923077858e+00,3.563436949573148271e-01,-2.014962145109586267e+00
5.671762344429217423e-02,8.192307692307693401e+00,3.563436949573148271e-01,-2.014962145109586267e+00
9.256030272660321911e-02,8.447692307692308944e+00,3.563436949573148271e-01,-2.014962145109586267e+00
1.274234364775605199e-01,8.703076923076924487e+00,3.563436949573148271e-01,-2.014962145109586267e+00
1.609380757431440323e-01,8.958461538461540030e+00,3.563436949573148271e-01,-2.014962145109586267e+00
1.927495423928758389e-01,9.213846153846155573e+00,3.563436949573148271e-01,-2.014962145109586267e+00
2.225211826012537253e-01,9.469230769230771116e+00,3.563436949573148271e-01,-2.014962145109586267e+00
2.499379295818892899e-01,9.724615384615386660e+00,3.563436949573148271e-01,-2.014962145109586267e+00
2.747096378707118980e-01,9.980000000000000426e+00,3.563436949573148271e-01,-2.014962145109586267e+00
